{"stat.chestOpened":5,"stat.walkOneCm":263361,"stat.useItem.minecraft.sticky_piston":4,"stat.useItem.minecraft.torch":74,"stat.useItem.minecraft.chest":1,"stat.useItem.minecraft.lever":7,"stat.useItem.minecraft.stone":866,"stat.useItem.minecraft.repeater":13,"stat.leaveGame":2,"stat.useItem.minecraft.log":287,"stat.useItem.minecraft.oak_stairs":42,"stat.useItem.minecraft.cobblestone":229,"stat.furnaceInteraction":1,"stat.useItem.minecraft.skull":4,"stat.useItem.minecraft.armor_stand":1,"stat.jump":609,"stat.swimOneCm":2975,"stat.useItem.minecraft.planks":459,"stat.climbOneCm":2949,"stat.useItem.minecraft.redstone":35,"stat.crouchOneCm":370,"stat.useItem.minecraft.redstone_torch":15,"stat.sprintOneCm":21610,"achievement.exploreAllBiomes":{"value":0,"progress":["Stone Beach","Ocean","River","Extreme Hills"]},"stat.useItem.minecraft.stone_stairs":48,"stat.useItem.minecraft.glass_pane":32,"stat.useItem.minecraft.bed":6,"achievement.openInventory":30,"stat.useItem.minecraft.stone_brick_stairs":35,"stat.useItem.minecraft.furnace":6,"stat.useItem.minecraft.stonebrick":509,"stat.useItem.minecraft.wooden_door":6,"stat.flyOneCm":232569,"stat.useItem.minecraft.cobblestone_wall":4,"stat.playOneMinute":89483,"stat.useItem.minecraft.ladder":5,"stat.damageDealt":30,"stat.timeSinceDeath":89483,"stat.useItem.minecraft.crafting_table":3,"stat.diveOneCm":24111}