{"stat.useItem.minecraft.command_block":27,"stat.walkOneCm":477109,"stat.useItem.minecraft.quartz_block":768,"stat.useItem.minecraft.repeater":62,"stat.leaveGame":6,"stat.useItem.minecraft.tnt":9,"stat.useItem.minecraft.bedrock":1,"stat.jump":1087,"stat.fallOneCm":7156,"stat.useItem.minecraft.redstone":12,"stat.crouchOneCm":4867,"stat.useItem.minecraft.redstone_torch":1,"stat.useItem.minecraft.dirt":264,"stat.sprintOneCm":91268,"achievement.exploreAllBiomes":{"value":0,"progress":["Plains"]},"achievement.openInventory":31,"stat.damageTaken":7980,"stat.useItem.minecraft.stone_pressure_plate":10,"stat.flyOneCm":1388756,"stat.deaths":34,"stat.drop":225,"stat.playOneMinute":143447,"stat.timeSinceDeath":7,"stat.useItem.minecraft.sign":11}